,id,age,salary
count,4.0,4.0,4.0
mean,3.5,26.75,50000.0
std,2.3804761428476167,3.947573094109004,8164.96580927726
min,1.0,22.0,40000.0
25%,1.75,24.25,47500.0
50%,3.5,27.5,50000.0
75%,5.25,30.0,52500.0
max,6.0,30.0,60000.0
